objects,scores,path,influencer
Person,0.83376145362854,mrbeast/images/2023-11-25_17-00-32_UTC_1.jpg,mrbeast
Person,0.8136793375015259,mrbeast/images/2023-11-25_17-00-32_UTC_1.jpg,mrbeast
Top,0.7688645720481873,mrbeast/images/2023-11-25_17-00-32_UTC_1.jpg,mrbeast
Toy,0.7401401996612549,mrbeast/images/2023-11-25_17-00-32_UTC_1.jpg,mrbeast
Rugby ball,0.7254951000213623,mrbeast/images/2023-11-25_17-00-32_UTC_1.jpg,mrbeast
Clothing,0.7003640532493591,mrbeast/images/2023-11-25_17-00-32_UTC_1.jpg,mrbeast
Ball,0.6433358788490295,mrbeast/images/2023-11-25_17-00-32_UTC_1.jpg,mrbeast
Pants,0.6041290760040283,mrbeast/images/2023-11-25_17-00-32_UTC_1.jpg,mrbeast
Clothing,0.6025601029396057,mrbeast/images/2023-11-25_17-00-32_UTC_1.jpg,mrbeast
Person,0.5868304967880249,mrbeast/images/2023-11-25_17-00-32_UTC_1.jpg,mrbeast
Person,0.7476939558982849,mrbeast/images/2024-03-29_16-02-26_UTC.jpg,mrbeast
Person,0.619936466217041,mrbeast/images/2024-03-29_16-02-26_UTC.jpg,mrbeast
Clothing,0.5758255124092102,mrbeast/images/2024-03-29_16-02-26_UTC.jpg,mrbeast
Boat,0.5092615485191345,mrbeast/images/2024-03-29_16-02-26_UTC.jpg,mrbeast
Clothing,0.8565323352813721,mrbeast/images/2023-11-25_17-00-32_UTC_2.jpg,mrbeast
Clothing,0.8093017935752869,mrbeast/images/2023-11-25_17-00-32_UTC_2.jpg,mrbeast
Clothing,0.7955700755119324,mrbeast/images/2023-11-25_17-00-32_UTC_2.jpg,mrbeast
Person,0.7839630842208862,mrbeast/images/2023-11-25_17-00-32_UTC_2.jpg,mrbeast
Person,0.7546481490135193,mrbeast/images/2023-11-25_17-00-32_UTC_2.jpg,mrbeast
Clothing,0.7356062531471252,mrbeast/images/2023-11-25_17-00-32_UTC_2.jpg,mrbeast
Person,0.7315769195556641,mrbeast/images/2023-11-25_17-00-32_UTC_2.jpg,mrbeast
Person,0.7258738875389099,mrbeast/images/2023-11-25_17-00-32_UTC_2.jpg,mrbeast
Person,0.7231647968292236,mrbeast/images/2023-11-25_17-00-32_UTC_2.jpg,mrbeast
Person,0.6824542284011841,mrbeast/images/2023-11-25_17-00-32_UTC_2.jpg,mrbeast
Car,0.9421625733375549,mrbeast/images/2023-11-03_20-31-25_UTC.jpg,mrbeast
Person,0.8546233177185059,mrbeast/images/2023-11-25_17-00-32_UTC_3.jpg,mrbeast
Shorts,0.7707012295722961,mrbeast/images/2023-11-25_17-00-32_UTC_3.jpg,mrbeast
Clothing,0.7344540357589722,mrbeast/images/2023-11-25_17-00-32_UTC_3.jpg,mrbeast
Top,0.6869838237762451,mrbeast/images/2023-11-25_17-00-32_UTC_3.jpg,mrbeast
Top,0.5654951930046082,mrbeast/images/2023-11-25_17-00-32_UTC_3.jpg,mrbeast
Clothing,0.8683440685272217,mrbeast/images/2024-04-02_16-12-33_UTC.jpg,mrbeast
Person,0.7932037711143494,mrbeast/images/2024-04-02_16-12-33_UTC.jpg,mrbeast
Clothing,0.7676523923873901,mrbeast/images/2024-04-02_16-12-33_UTC.jpg,mrbeast
Top,0.7437329888343811,mrbeast/images/2024-04-02_16-12-33_UTC.jpg,mrbeast
Top,0.7428868412971497,mrbeast/images/2024-04-02_16-12-33_UTC.jpg,mrbeast
Person,0.7195937633514404,mrbeast/images/2024-04-02_16-12-33_UTC.jpg,mrbeast
Clothing,0.5856414437294006,mrbeast/images/2024-04-02_16-12-33_UTC.jpg,mrbeast
Pants,0.5841122269630432,mrbeast/images/2024-04-02_16-12-33_UTC.jpg,mrbeast
Pants,0.5548323392868042,mrbeast/images/2024-04-02_16-12-33_UTC.jpg,mrbeast
Clothing,0.5539702773094177,mrbeast/images/2024-04-02_16-12-33_UTC.jpg,mrbeast
Person,0.8540754318237305,mrbeast/images/2024-03-07_19-55-14_UTC.jpg,mrbeast
Clothing,0.6564393639564514,mrbeast/images/2024-03-07_19-55-14_UTC.jpg,mrbeast
Coat,0.6002262830734253,mrbeast/images/2024-03-07_19-55-14_UTC.jpg,mrbeast
Person,0.5619539618492126,mrbeast/images/2024-03-07_19-55-14_UTC.jpg,mrbeast
Person,0.7797322869300842,mrbeast/images/2023-12-15_18-04-47_UTC.jpg,mrbeast
Clothing,0.6498490571975708,mrbeast/images/2023-12-15_18-04-47_UTC.jpg,mrbeast
Person,0.5518006682395935,mrbeast/images/2023-12-15_18-04-47_UTC.jpg,mrbeast
Footwear,0.5208684206008911,mrbeast/images/2023-12-15_18-04-47_UTC.jpg,mrbeast
Person,0.730919599533081,mrbeast/images/2023-11-25_17-00-32_UTC_4.jpg,mrbeast
Top,0.7156398296356201,mrbeast/images/2023-11-25_17-00-32_UTC_4.jpg,mrbeast
Person,0.7127336859703064,mrbeast/images/2023-11-25_17-00-32_UTC_4.jpg,mrbeast
Clothing,0.7017858028411865,mrbeast/images/2023-11-25_17-00-32_UTC_4.jpg,mrbeast
Person,0.6947330236434937,mrbeast/images/2023-11-25_17-00-32_UTC_4.jpg,mrbeast
Top,0.6918901205062866,mrbeast/images/2023-11-25_17-00-32_UTC_4.jpg,mrbeast
Clothing,0.6768938302993774,mrbeast/images/2023-11-25_17-00-32_UTC_4.jpg,mrbeast
Top,0.6725727319717407,mrbeast/images/2023-11-25_17-00-32_UTC_4.jpg,mrbeast
Person,0.6665807962417603,mrbeast/images/2023-11-25_17-00-32_UTC_4.jpg,mrbeast
Pants,0.6306779980659485,mrbeast/images/2023-11-25_17-00-32_UTC_4.jpg,mrbeast
Bowtie,0.7813817858695984,mrbeast/images/2024-04-19_16-35-46_UTC.jpg,mrbeast
Person,0.7156842350959778,mrbeast/images/2024-04-19_16-35-46_UTC.jpg,mrbeast
Outerwear,0.7151954770088196,mrbeast/images/2024-04-19_16-35-46_UTC.jpg,mrbeast
Pants,0.6799999475479126,mrbeast/images/2024-04-19_16-35-46_UTC.jpg,mrbeast
Person,0.6796261668205261,mrbeast/images/2024-04-19_16-35-46_UTC.jpg,mrbeast
Pants,0.5935640931129456,mrbeast/images/2024-04-19_16-35-46_UTC.jpg,mrbeast
Person,0.5874711275100708,mrbeast/images/2024-04-19_16-35-46_UTC.jpg,mrbeast
Person,0.5801960229873657,mrbeast/images/2024-04-19_16-35-46_UTC.jpg,mrbeast
Coat,0.5312829613685608,mrbeast/images/2024-04-19_16-35-46_UTC.jpg,mrbeast
Outerwear,0.5293022990226746,mrbeast/images/2024-04-19_16-35-46_UTC.jpg,mrbeast
Person,0.7662787437438965,mrbeast/images/2024-02-27_18-17-52_UTC.jpg,mrbeast
Clothing,0.7654412388801575,mrbeast/images/2024-02-27_18-17-52_UTC.jpg,mrbeast
Person,0.7218005061149597,mrbeast/images/2024-02-27_18-17-52_UTC.jpg,mrbeast
Person,0.7171977758407593,mrbeast/images/2024-02-27_18-17-52_UTC.jpg,mrbeast
Clothing,0.6989278793334961,mrbeast/images/2024-02-27_18-17-52_UTC.jpg,mrbeast
Person,0.6747224926948547,mrbeast/images/2024-02-27_18-17-52_UTC.jpg,mrbeast
Person,0.6623148322105408,mrbeast/images/2024-02-27_18-17-52_UTC.jpg,mrbeast
Table top,0.6081861257553101,mrbeast/images/2024-02-27_18-17-52_UTC.jpg,mrbeast
Clothing,0.5775957107543945,mrbeast/images/2024-02-27_18-17-52_UTC.jpg,mrbeast
Clothing,0.5621376037597656,mrbeast/images/2024-02-27_18-17-52_UTC.jpg,mrbeast
Person,0.782343327999115,mrbeast/images/2023-11-21_18-36-03_UTC.jpg,mrbeast
Jeans,0.7201112508773804,mrbeast/images/2023-11-21_18-36-03_UTC.jpg,mrbeast
Jeans,0.6898189187049866,mrbeast/images/2023-11-21_18-36-03_UTC.jpg,mrbeast
Person,0.6721612811088562,mrbeast/images/2023-11-21_18-36-03_UTC.jpg,mrbeast
Clothing,0.6619142293930054,mrbeast/images/2023-11-21_18-36-03_UTC.jpg,mrbeast
Top,0.5729371309280396,mrbeast/images/2023-11-21_18-36-03_UTC.jpg,mrbeast
Person,0.8459407687187195,mrbeast/images/2023-12-16_17-00-05_UTC.jpg,mrbeast
Person,0.8420430421829224,mrbeast/images/2023-12-16_17-00-05_UTC.jpg,mrbeast
Person,0.8356988430023193,mrbeast/images/2023-12-16_17-00-05_UTC.jpg,mrbeast
Pants,0.751303493976593,mrbeast/images/2023-12-16_17-00-05_UTC.jpg,mrbeast
Pants,0.748234748840332,mrbeast/images/2023-12-16_17-00-05_UTC.jpg,mrbeast
Pants,0.7340619564056396,mrbeast/images/2023-12-16_17-00-05_UTC.jpg,mrbeast
Coat,0.6604636907577515,mrbeast/images/2023-12-16_17-00-05_UTC.jpg,mrbeast
Person,0.6569534540176392,mrbeast/images/2023-12-16_17-00-05_UTC.jpg,mrbeast
Person,0.6564571261405945,mrbeast/images/2023-12-16_17-00-05_UTC.jpg,mrbeast
Coat,0.6535161733627319,mrbeast/images/2023-12-16_17-00-05_UTC.jpg,mrbeast
Person,0.7260904312133789,mrbeast/images/2024-03-15_16-00-43_UTC.jpg,mrbeast
Sun hat,0.7011337280273438,mrbeast/images/2024-03-15_16-00-43_UTC.jpg,mrbeast
Person,0.6943212151527405,mrbeast/images/2024-03-15_16-00-43_UTC.jpg,mrbeast
Sombrero,0.6733196377754211,mrbeast/images/2024-03-15_16-00-43_UTC.jpg,mrbeast
Hat,0.621393084526062,mrbeast/images/2024-03-15_16-00-43_UTC.jpg,mrbeast
Clothing,0.581728458404541,mrbeast/images/2024-03-15_16-00-43_UTC.jpg,mrbeast
Straw hat,0.5780953764915466,mrbeast/images/2024-03-15_16-00-43_UTC.jpg,mrbeast
Outerwear,0.5692389607429504,mrbeast/images/2024-03-15_16-00-43_UTC.jpg,mrbeast
Clothing,0.6763795614242554,mrbeast/images/2024-02-29_17-00-05_UTC.jpg,mrbeast
Person,0.6260012984275818,mrbeast/images/2024-02-29_17-00-05_UTC.jpg,mrbeast
Top,0.5992645025253296,mrbeast/images/2024-02-29_17-00-05_UTC.jpg,mrbeast
Couch,0.5048274397850037,mrbeast/images/2024-02-29_17-00-05_UTC.jpg,mrbeast
Person,0.8144448399543762,mrbeast/images/2024-02-26_18-00-03_UTC.jpg,mrbeast
Clothing,0.7936432361602783,mrbeast/images/2024-02-26_18-00-03_UTC.jpg,mrbeast
Clothing,0.7359331250190735,mrbeast/images/2024-02-26_18-00-03_UTC.jpg,mrbeast
Top,0.7150453925132751,mrbeast/images/2024-02-26_18-00-03_UTC.jpg,mrbeast
Top,0.7109569907188416,mrbeast/images/2024-02-26_18-00-03_UTC.jpg,mrbeast
Person,0.7014013528823853,mrbeast/images/2024-02-26_18-00-03_UTC.jpg,mrbeast
Person,0.7003125548362732,mrbeast/images/2024-02-26_18-00-03_UTC.jpg,mrbeast
Shoe,0.6794561147689819,mrbeast/images/2024-02-26_18-00-03_UTC.jpg,mrbeast
Person,0.663863480091095,mrbeast/images/2024-02-26_18-00-03_UTC.jpg,mrbeast
Footwear,0.646996796131134,mrbeast/images/2024-02-26_18-00-03_UTC.jpg,mrbeast
Shorts,0.7255370020866394,mrbeast/images/2023-11-24_17-08-55_UTC.jpg,mrbeast
Clothing,0.7221230268478394,mrbeast/images/2023-11-24_17-08-55_UTC.jpg,mrbeast
Person,0.7069764733314514,mrbeast/images/2023-11-24_17-08-55_UTC.jpg,mrbeast
Top,0.6802446842193604,mrbeast/images/2023-11-24_17-08-55_UTC.jpg,mrbeast
Person,0.6114680767059326,mrbeast/images/2023-11-24_17-08-55_UTC.jpg,mrbeast
Clothing,0.575367271900177,mrbeast/images/2023-11-24_17-08-55_UTC.jpg,mrbeast
Clothing,0.5466685891151428,mrbeast/images/2023-11-24_17-08-55_UTC.jpg,mrbeast
Shorts,0.7655596137046814,mrbeast/images/2024-01-11_18-23-41_UTC.jpg,mrbeast
Top,0.7605209946632385,mrbeast/images/2024-01-11_18-23-41_UTC.jpg,mrbeast
Clothing,0.70438152551651,mrbeast/images/2024-01-11_18-23-41_UTC.jpg,mrbeast
Person,0.6695931553840637,mrbeast/images/2024-01-11_18-23-41_UTC.jpg,mrbeast
Sun hat,0.5918884873390198,mrbeast/images/2024-01-11_18-23-41_UTC.jpg,mrbeast
Car,0.539571225643158,mrbeast/images/2024-01-11_18-23-41_UTC.jpg,mrbeast
Person,0.519938588142395,mrbeast/images/2024-01-11_18-23-41_UTC.jpg,mrbeast
Top,0.5174108743667603,mrbeast/images/2024-01-11_18-23-41_UTC.jpg,mrbeast
Clothing,0.5126714706420898,mrbeast/images/2024-01-11_18-23-41_UTC.jpg,mrbeast
Jet ski,0.9146859645843506,mrbeast/images/2024-03-19_16-00-03_UTC.jpg,mrbeast
Person,0.821091890335083,mrbeast/images/2024-03-19_16-00-03_UTC.jpg,mrbeast
Clothing,0.7422751784324646,mrbeast/images/2024-03-19_16-00-03_UTC.jpg,mrbeast
Person,0.702087938785553,mrbeast/images/2024-03-19_16-00-03_UTC.jpg,mrbeast
Footwear,0.6158600449562073,mrbeast/images/2024-03-19_16-00-03_UTC.jpg,mrbeast
Footwear,0.596442461013794,mrbeast/images/2024-03-19_16-00-03_UTC.jpg,mrbeast
Shoe,0.5551162362098694,mrbeast/images/2024-03-19_16-00-03_UTC.jpg,mrbeast
Clothing,0.5484194755554199,mrbeast/images/2024-03-19_16-00-03_UTC.jpg,mrbeast
Shoe,0.5037743449211121,mrbeast/images/2024-03-19_16-00-03_UTC.jpg,mrbeast
Person,0.8687551617622375,mrbeast/images/2024-03-04_19-06-01_UTC_1.jpg,mrbeast
Clothing,0.795120358467102,mrbeast/images/2024-03-04_19-06-01_UTC_1.jpg,mrbeast
Clothing,0.7933413982391357,mrbeast/images/2024-03-04_19-06-01_UTC_1.jpg,mrbeast
Clothing,0.7838593125343323,mrbeast/images/2024-03-04_19-06-01_UTC_1.jpg,mrbeast
Person,0.7425846457481384,mrbeast/images/2024-03-04_19-06-01_UTC_1.jpg,mrbeast
Person,0.7338604927062988,mrbeast/images/2024-03-04_19-06-01_UTC_1.jpg,mrbeast
Person,0.7276628613471985,mrbeast/images/2024-03-04_19-06-01_UTC_1.jpg,mrbeast
Top,0.7083392143249512,mrbeast/images/2024-03-04_19-06-01_UTC_1.jpg,mrbeast
Person,0.7048466205596924,mrbeast/images/2024-03-04_19-06-01_UTC_1.jpg,mrbeast
Top,0.6961448788642883,mrbeast/images/2024-03-04_19-06-01_UTC_1.jpg,mrbeast
Person,0.7259645462036133,mrbeast/images/2023-11-04_16-01-28_UTC_1.jpg,mrbeast
Person,0.5869110822677612,mrbeast/images/2023-11-04_16-01-28_UTC_1.jpg,mrbeast
Overall,0.5309412479400635,mrbeast/images/2023-11-04_16-01-28_UTC_1.jpg,mrbeast
Clothing,0.5298505425453186,mrbeast/images/2023-11-04_16-01-28_UTC_1.jpg,mrbeast
Person,0.840067446231842,mrbeast/images/2023-10-26_16-26-03_UTC.jpg,mrbeast
Clothing,0.7850465178489685,mrbeast/images/2023-10-26_16-26-03_UTC.jpg,mrbeast
Top,0.76808100938797,mrbeast/images/2023-10-26_16-26-03_UTC.jpg,mrbeast
Pants,0.7169696688652039,mrbeast/images/2023-10-26_16-26-03_UTC.jpg,mrbeast
Top,0.7025102972984314,mrbeast/images/2023-10-26_16-26-03_UTC.jpg,mrbeast
Person,0.6099077463150024,mrbeast/images/2023-10-26_16-26-03_UTC.jpg,mrbeast
Dog,0.7995809316635132,mrbeast/images/2023-12-18_17-09-55_UTC.jpg,mrbeast
Food,0.7689592242240906,mrbeast/images/2023-12-18_17-09-55_UTC.jpg,mrbeast
Clothing,0.6500949859619141,mrbeast/images/2023-12-18_17-09-55_UTC.jpg,mrbeast
Animal,0.6144307851791382,mrbeast/images/2023-12-18_17-09-55_UTC.jpg,mrbeast
Tableware,0.5749653577804565,mrbeast/images/2023-12-18_17-09-55_UTC.jpg,mrbeast
Table top,0.566017746925354,mrbeast/images/2023-12-18_17-09-55_UTC.jpg,mrbeast
Person,0.5501289367675781,mrbeast/images/2023-12-18_17-09-55_UTC.jpg,mrbeast
Person,0.8552274703979492,mrbeast/images/2023-11-01_20-23-47_UTC.jpg,mrbeast
Top,0.7567437291145325,mrbeast/images/2023-11-01_20-23-47_UTC.jpg,mrbeast
Clothing,0.7523623704910278,mrbeast/images/2023-11-01_20-23-47_UTC.jpg,mrbeast
Bed,0.6651774048805237,mrbeast/images/2023-11-01_20-23-47_UTC.jpg,mrbeast
Top,0.568289041519165,mrbeast/images/2023-11-01_20-23-47_UTC.jpg,mrbeast
Person,0.5618491172790527,mrbeast/images/2023-11-01_20-23-47_UTC.jpg,mrbeast
Shorts,0.5603184700012207,mrbeast/images/2023-11-01_20-23-47_UTC.jpg,mrbeast
Person,0.7395768165588379,mrbeast/images/2023-11-04_16-01-28_UTC_2.jpg,mrbeast
Person,0.7198014259338379,mrbeast/images/2023-11-04_16-01-28_UTC_2.jpg,mrbeast
Clothing,0.7016562223434448,mrbeast/images/2023-11-04_16-01-28_UTC_2.jpg,mrbeast
Person,0.6448168754577637,mrbeast/images/2023-11-04_16-01-28_UTC_2.jpg,mrbeast
Clothing,0.6374289989471436,mrbeast/images/2023-11-04_16-01-28_UTC_2.jpg,mrbeast
Person,0.592115581035614,mrbeast/images/2023-11-04_16-01-28_UTC_2.jpg,mrbeast
Person,0.5776103138923645,mrbeast/images/2023-11-04_16-01-28_UTC_2.jpg,mrbeast
Clothing,0.5699739456176758,mrbeast/images/2023-11-04_16-01-28_UTC_2.jpg,mrbeast
Clothing,0.5065725445747375,mrbeast/images/2023-11-04_16-01-28_UTC_2.jpg,mrbeast
Backpack,0.502055287361145,mrbeast/images/2023-11-04_16-01-28_UTC_2.jpg,mrbeast
Person,0.8820089101791382,mrbeast/images/2024-03-30_16-00-06_UTC_1.jpg,mrbeast
Clothing,0.7703736424446106,mrbeast/images/2024-03-30_16-00-06_UTC_1.jpg,mrbeast
Top,0.7636273503303528,mrbeast/images/2024-03-30_16-00-06_UTC_1.jpg,mrbeast
Sun hat,0.7105222344398499,mrbeast/images/2024-03-30_16-00-06_UTC_1.jpg,mrbeast
Top,0.6955591440200806,mrbeast/images/2024-03-30_16-00-06_UTC_1.jpg,mrbeast
Hat,0.6059332489967346,mrbeast/images/2024-03-30_16-00-06_UTC_1.jpg,mrbeast
Person,0.5854753851890564,mrbeast/images/2024-03-30_16-00-06_UTC_1.jpg,mrbeast
Straw hat,0.5740360617637634,mrbeast/images/2024-03-30_16-00-06_UTC_1.jpg,mrbeast
Person,0.8581729531288147,mrbeast/images/2024-01-13_17-00-57_UTC_2.jpg,mrbeast
Shorts,0.8555170297622681,mrbeast/images/2024-01-13_17-00-57_UTC_2.jpg,mrbeast
Clothing,0.7747339606285095,mrbeast/images/2024-01-13_17-00-57_UTC_2.jpg,mrbeast
Top,0.7321643233299255,mrbeast/images/2024-01-13_17-00-57_UTC_2.jpg,mrbeast
Sun hat,0.69761723279953,mrbeast/images/2024-01-13_17-00-57_UTC_2.jpg,mrbeast
Straw hat,0.6281337738037109,mrbeast/images/2024-01-13_17-00-57_UTC_2.jpg,mrbeast
Top,0.5755619406700134,mrbeast/images/2024-01-13_17-00-57_UTC_2.jpg,mrbeast
Clothing,0.5643069744110107,mrbeast/images/2024-01-13_17-00-57_UTC_2.jpg,mrbeast
Hat,0.5461166501045227,mrbeast/images/2024-01-13_17-00-57_UTC_2.jpg,mrbeast
Dog,0.6843248605728149,mrbeast/images/2023-12-22_18-16-17_UTC.jpg,mrbeast
Dog,0.6399062275886536,mrbeast/images/2023-12-22_18-16-17_UTC.jpg,mrbeast
Animal,0.5193745493888855,mrbeast/images/2023-12-22_18-16-17_UTC.jpg,mrbeast
Animal,0.5122050046920776,mrbeast/images/2023-12-22_18-16-17_UTC.jpg,mrbeast
Person,0.8529126644134521,mrbeast/images/2024-01-27_17-00-08_UTC_1.jpg,mrbeast
Top,0.7709747552871704,mrbeast/images/2024-01-27_17-00-08_UTC_1.jpg,mrbeast
Clothing,0.7697323560714722,mrbeast/images/2024-01-27_17-00-08_UTC_1.jpg,mrbeast
Clothing,0.7357291579246521,mrbeast/images/2024-01-27_17-00-08_UTC_1.jpg,mrbeast
Top,0.7327325940132141,mrbeast/images/2024-01-27_17-00-08_UTC_1.jpg,mrbeast
Shorts,0.7231475710868835,mrbeast/images/2024-01-27_17-00-08_UTC_1.jpg,mrbeast
Person,0.6542167663574219,mrbeast/images/2024-01-27_17-00-08_UTC_1.jpg,mrbeast
Sun hat,0.6315568685531616,mrbeast/images/2024-01-27_17-00-08_UTC_1.jpg,mrbeast
Person,0.6014254093170166,mrbeast/images/2024-01-27_17-00-08_UTC_1.jpg,mrbeast
Straw hat,0.5972191691398621,mrbeast/images/2024-01-27_17-00-08_UTC_1.jpg,mrbeast
Person,0.6928340196609497,mrbeast/images/2023-11-18_17-00-08_UTC_1.jpg,mrbeast
Person,0.5376724600791931,mrbeast/images/2023-11-18_17-00-08_UTC_1.jpg,mrbeast
Person,0.7665268182754517,mrbeast/images/2024-01-13_17-00-57_UTC_3.jpg,mrbeast
Pants,0.7123891115188599,mrbeast/images/2024-01-13_17-00-57_UTC_3.jpg,mrbeast
Person,0.6453534960746765,mrbeast/images/2024-01-13_17-00-57_UTC_3.jpg,mrbeast
Top,0.6152513027191162,mrbeast/images/2024-01-13_17-00-57_UTC_3.jpg,mrbeast
Outerwear,0.5987023711204529,mrbeast/images/2024-01-13_17-00-57_UTC_3.jpg,mrbeast
Clothing,0.588853657245636,mrbeast/images/2024-01-13_17-00-57_UTC_3.jpg,mrbeast
Hat,0.5858448147773743,mrbeast/images/2024-01-13_17-00-57_UTC_3.jpg,mrbeast
Person,0.8299322724342346,mrbeast/images/2024-01-13_17-00-57_UTC_1.jpg,mrbeast
Tank,0.7879248261451721,mrbeast/images/2024-01-13_17-00-57_UTC_1.jpg,mrbeast
Person,0.7694727182388306,mrbeast/images/2024-01-13_17-00-57_UTC_1.jpg,mrbeast
Clothing,0.7471669316291809,mrbeast/images/2024-01-13_17-00-57_UTC_1.jpg,mrbeast
Shorts,0.7432308197021484,mrbeast/images/2024-01-13_17-00-57_UTC_1.jpg,mrbeast
Clothing,0.7399492263793945,mrbeast/images/2024-01-13_17-00-57_UTC_1.jpg,mrbeast
Top,0.6803789138793945,mrbeast/images/2024-01-13_17-00-57_UTC_1.jpg,mrbeast
Person,0.6775273084640503,mrbeast/images/2024-01-13_17-00-57_UTC_1.jpg,mrbeast
Person,0.6615892648696899,mrbeast/images/2024-01-13_17-00-57_UTC_1.jpg,mrbeast
Clothing,0.6209105253219604,mrbeast/images/2024-01-13_17-00-57_UTC_1.jpg,mrbeast
Person,0.8598546385765076,mrbeast/images/2024-03-30_16-00-06_UTC_2.jpg,mrbeast
Person,0.8260861039161682,mrbeast/images/2024-03-30_16-00-06_UTC_2.jpg,mrbeast
Top,0.6706175804138184,mrbeast/images/2024-03-30_16-00-06_UTC_2.jpg,mrbeast
Person,0.650092601776123,mrbeast/images/2024-03-30_16-00-06_UTC_2.jpg,mrbeast
Clothing,0.6249679923057556,mrbeast/images/2024-03-30_16-00-06_UTC_2.jpg,mrbeast
Hat,0.6193699240684509,mrbeast/images/2024-03-30_16-00-06_UTC_2.jpg,mrbeast
Top,0.6003656983375549,mrbeast/images/2024-03-30_16-00-06_UTC_2.jpg,mrbeast
Clothing,0.6001529693603516,mrbeast/images/2024-03-30_16-00-06_UTC_2.jpg,mrbeast
Sun hat,0.5991775393486023,mrbeast/images/2024-03-30_16-00-06_UTC_2.jpg,mrbeast
Hat,0.5766727328300476,mrbeast/images/2024-03-30_16-00-06_UTC_2.jpg,mrbeast
Top,0.8165052533149719,mrbeast/images/2024-01-26_17-00-09_UTC.jpg,mrbeast
Animal,0.7162556648254395,mrbeast/images/2024-01-26_17-00-09_UTC.jpg,mrbeast
Top,0.6490103602409363,mrbeast/images/2024-01-26_17-00-09_UTC.jpg,mrbeast
Animal,0.5990059971809387,mrbeast/images/2024-01-26_17-00-09_UTC.jpg,mrbeast
Clothing,0.5983606576919556,mrbeast/images/2024-01-26_17-00-09_UTC.jpg,mrbeast
Person,0.7734526991844177,mrbeast/images/2024-02-12_01-34-41_UTC_4.jpg,mrbeast
Jeans,0.7385900020599365,mrbeast/images/2024-02-12_01-34-41_UTC_4.jpg,mrbeast
Person,0.7287010550498962,mrbeast/images/2024-02-12_01-34-41_UTC_4.jpg,mrbeast
Person,0.717727541923523,mrbeast/images/2024-02-12_01-34-41_UTC_4.jpg,mrbeast
Pants,0.7126321196556091,mrbeast/images/2024-02-12_01-34-41_UTC_4.jpg,mrbeast
Person,0.7108778357505798,mrbeast/images/2024-02-12_01-34-41_UTC_4.jpg,mrbeast
Person,0.688675582408905,mrbeast/images/2024-02-12_01-34-41_UTC_4.jpg,mrbeast
Jeans,0.6711546182632446,mrbeast/images/2024-02-12_01-34-41_UTC_4.jpg,mrbeast
Clothing,0.6446797847747803,mrbeast/images/2024-02-12_01-34-41_UTC_4.jpg,mrbeast
Light fixture,0.6336441040039062,mrbeast/images/2024-02-12_01-34-41_UTC_4.jpg,mrbeast
Person,0.857907772064209,mrbeast/images/2023-11-18_17-00-08_UTC_3.jpg,mrbeast
Pants,0.7125436067581177,mrbeast/images/2023-11-18_17-00-08_UTC_3.jpg,mrbeast
Coat,0.6767235994338989,mrbeast/images/2023-11-18_17-00-08_UTC_3.jpg,mrbeast
Outerwear,0.6587096452713013,mrbeast/images/2023-11-18_17-00-08_UTC_3.jpg,mrbeast
Parking meter,0.6483978033065796,mrbeast/images/2023-11-18_17-00-08_UTC_3.jpg,mrbeast
Person,0.6035339832305908,mrbeast/images/2023-11-18_17-00-08_UTC_3.jpg,mrbeast
Tie,0.5766800045967102,mrbeast/images/2023-11-18_17-00-08_UTC_3.jpg,mrbeast
Top,0.7657861709594727,mrbeast/images/2024-01-27_17-00-08_UTC_2.jpg,mrbeast
Clothing,0.734228789806366,mrbeast/images/2024-01-27_17-00-08_UTC_2.jpg,mrbeast
Animal,0.7149490118026733,mrbeast/images/2024-01-27_17-00-08_UTC_2.jpg,mrbeast
Sun hat,0.696319580078125,mrbeast/images/2024-01-27_17-00-08_UTC_2.jpg,mrbeast
Person,0.6707671880722046,mrbeast/images/2024-01-27_17-00-08_UTC_2.jpg,mrbeast
Person,0.6273779273033142,mrbeast/images/2024-01-27_17-00-08_UTC_2.jpg,mrbeast
Straw hat,0.6250879168510437,mrbeast/images/2024-01-27_17-00-08_UTC_2.jpg,mrbeast
Koala,0.624220609664917,mrbeast/images/2024-01-27_17-00-08_UTC_2.jpg,mrbeast
Top,0.5780757665634155,mrbeast/images/2024-01-27_17-00-08_UTC_2.jpg,mrbeast
Hat,0.5544797778129578,mrbeast/images/2024-01-27_17-00-08_UTC_2.jpg,mrbeast
Person,0.5952447652816772,mrbeast/images/2023-10-20_17-07-43_UTC.jpg,mrbeast
Person,0.5813067555427551,mrbeast/images/2023-10-20_17-07-43_UTC.jpg,mrbeast
Clothing,0.8415274620056152,mrbeast/images/2024-01-27_17-00-08_UTC_3.jpg,mrbeast
Person,0.7788965106010437,mrbeast/images/2024-01-27_17-00-08_UTC_3.jpg,mrbeast
Person,0.7639355659484863,mrbeast/images/2024-01-27_17-00-08_UTC_3.jpg,mrbeast
Clothing,0.74663907289505,mrbeast/images/2024-01-27_17-00-08_UTC_3.jpg,mrbeast
Clothing,0.7357372641563416,mrbeast/images/2024-01-27_17-00-08_UTC_3.jpg,mrbeast
Clothing,0.7332854866981506,mrbeast/images/2024-01-27_17-00-08_UTC_3.jpg,mrbeast
Person,0.730365514755249,mrbeast/images/2024-01-27_17-00-08_UTC_3.jpg,mrbeast
Clothing,0.7222617864608765,mrbeast/images/2024-01-27_17-00-08_UTC_3.jpg,mrbeast
Person,0.7075445055961609,mrbeast/images/2024-01-27_17-00-08_UTC_3.jpg,mrbeast
Person,0.6821614503860474,mrbeast/images/2024-01-27_17-00-08_UTC_3.jpg,mrbeast
Pants,0.80512535572052,mrbeast/images/2023-11-18_17-00-08_UTC_2.jpg,mrbeast
Person,0.7188056707382202,mrbeast/images/2023-11-18_17-00-08_UTC_2.jpg,mrbeast
Outerwear,0.6980648040771484,mrbeast/images/2023-11-18_17-00-08_UTC_2.jpg,mrbeast
Person,0.6841020584106445,mrbeast/images/2023-11-18_17-00-08_UTC_2.jpg,mrbeast
Coat,0.5842623710632324,mrbeast/images/2023-11-18_17-00-08_UTC_2.jpg,mrbeast
Person,0.8732445240020752,mrbeast/images/2024-03-30_16-00-06_UTC_3.jpg,mrbeast
Clothing,0.7874545454978943,mrbeast/images/2024-03-30_16-00-06_UTC_3.jpg,mrbeast
Shorts,0.7248792052268982,mrbeast/images/2024-03-30_16-00-06_UTC_3.jpg,mrbeast
Top,0.6719350814819336,mrbeast/images/2024-03-30_16-00-06_UTC_3.jpg,mrbeast
Top,0.6204745769500732,mrbeast/images/2024-03-30_16-00-06_UTC_3.jpg,mrbeast
Straw hat,0.5917064547538757,mrbeast/images/2024-03-30_16-00-06_UTC_3.jpg,mrbeast
Person,0.5578409433364868,mrbeast/images/2024-03-30_16-00-06_UTC_3.jpg,mrbeast
Footwear,0.5369470119476318,mrbeast/images/2024-03-30_16-00-06_UTC_3.jpg,mrbeast
Clothing,0.5171235203742981,mrbeast/images/2024-03-30_16-00-06_UTC_3.jpg,mrbeast
Person,0.8598865270614624,mrbeast/images/2024-02-12_01-34-41_UTC_1.jpg,mrbeast
Jeans,0.8038574457168579,mrbeast/images/2024-02-12_01-34-41_UTC_1.jpg,mrbeast
Top,0.8023175001144409,mrbeast/images/2024-02-12_01-34-41_UTC_1.jpg,mrbeast
Top,0.7413442134857178,mrbeast/images/2024-02-12_01-34-41_UTC_1.jpg,mrbeast
Clothing,0.6872745752334595,mrbeast/images/2024-02-12_01-34-41_UTC_1.jpg,mrbeast
Person,0.683538556098938,mrbeast/images/2024-02-12_01-34-41_UTC_1.jpg,mrbeast
Person,0.6827772855758667,mrbeast/images/2024-02-12_01-34-41_UTC_1.jpg,mrbeast
Person,0.6816719174385071,mrbeast/images/2024-02-12_01-34-41_UTC_1.jpg,mrbeast
Top,0.6224719285964966,mrbeast/images/2024-02-12_01-34-41_UTC_1.jpg,mrbeast
Pants,0.6176766157150269,mrbeast/images/2024-02-12_01-34-41_UTC_1.jpg,mrbeast
Person,0.746493935585022,mrbeast/images/2024-04-09_17-03-53_UTC.jpg,mrbeast
Top,0.6182156801223755,mrbeast/images/2024-04-09_17-03-53_UTC.jpg,mrbeast
Person,0.5864784717559814,mrbeast/images/2024-04-09_17-03-53_UTC.jpg,mrbeast
Clothing,0.5435928702354431,mrbeast/images/2024-04-09_17-03-53_UTC.jpg,mrbeast
Bagged packaged goods,0.5592505931854248,mrbeast/images/2024-02-10_21-25-01_UTC_2.jpg,mrbeast
Person,0.7017608284950256,mrbeast/images/2023-12-20_17-18-35_UTC.jpg,mrbeast
Clothing,0.6037428379058838,mrbeast/images/2023-12-20_17-18-35_UTC.jpg,mrbeast
Top,0.5621393322944641,mrbeast/images/2023-12-20_17-18-35_UTC.jpg,mrbeast
Top,0.5497071743011475,mrbeast/images/2023-12-20_17-18-35_UTC.jpg,mrbeast
Sombrero,0.7206540107727051,mrbeast/images/2023-12-23_17-00-14_UTC_1.jpg,mrbeast
Clothing,0.7138004899024963,mrbeast/images/2023-12-23_17-00-14_UTC_1.jpg,mrbeast
Sun hat,0.6993103623390198,mrbeast/images/2023-12-23_17-00-14_UTC_1.jpg,mrbeast
Person,0.6921522617340088,mrbeast/images/2023-12-23_17-00-14_UTC_1.jpg,mrbeast
Person,0.6780861020088196,mrbeast/images/2023-12-23_17-00-14_UTC_1.jpg,mrbeast
Top,0.65668123960495,mrbeast/images/2023-12-23_17-00-14_UTC_1.jpg,mrbeast
Animal,0.6484631299972534,mrbeast/images/2023-12-23_17-00-14_UTC_1.jpg,mrbeast
Straw hat,0.5913128852844238,mrbeast/images/2023-12-23_17-00-14_UTC_1.jpg,mrbeast
Hat,0.5358338952064514,mrbeast/images/2023-12-23_17-00-14_UTC_1.jpg,mrbeast
Person,0.8401450514793396,mrbeast/images/2023-10-23_16-02-30_UTC.jpg,mrbeast
Pillow,0.7141968607902527,mrbeast/images/2023-10-23_16-02-30_UTC.jpg,mrbeast
Pillow,0.6960121393203735,mrbeast/images/2023-10-23_16-02-30_UTC.jpg,mrbeast
Person,0.6009599566459656,mrbeast/images/2023-10-23_16-02-30_UTC.jpg,mrbeast
Couch,0.5465563535690308,mrbeast/images/2023-10-23_16-02-30_UTC.jpg,mrbeast
Top,0.5141165256500244,mrbeast/images/2023-10-23_16-02-30_UTC.jpg,mrbeast
Throw pillow,0.5096519589424133,mrbeast/images/2023-10-23_16-02-30_UTC.jpg,mrbeast
Shorts,0.8455919027328491,mrbeast/images/2024-03-30_16-00-06_UTC_4.jpg,mrbeast
Person,0.6910730600357056,mrbeast/images/2024-03-30_16-00-06_UTC_4.jpg,mrbeast
Clothing,0.6706779599189758,mrbeast/images/2024-03-30_16-00-06_UTC_4.jpg,mrbeast
Person,0.5592328310012817,mrbeast/images/2024-03-30_16-00-06_UTC_4.jpg,mrbeast
Clothing,0.5144715309143066,mrbeast/images/2024-03-30_16-00-06_UTC_4.jpg,mrbeast
Person,0.8208273649215698,mrbeast/images/2024-02-12_01-34-41_UTC_2.jpg,mrbeast
Jeans,0.79952073097229,mrbeast/images/2024-02-12_01-34-41_UTC_2.jpg,mrbeast
Jeans,0.794114887714386,mrbeast/images/2024-02-12_01-34-41_UTC_2.jpg,mrbeast
Person,0.7588046789169312,mrbeast/images/2024-02-12_01-34-41_UTC_2.jpg,mrbeast
Person,0.7034147381782532,mrbeast/images/2024-02-12_01-34-41_UTC_2.jpg,mrbeast
Person,0.6966338753700256,mrbeast/images/2024-02-12_01-34-41_UTC_2.jpg,mrbeast
Clothing,0.6427114605903625,mrbeast/images/2024-02-12_01-34-41_UTC_2.jpg,mrbeast
Lighting,0.6235551834106445,mrbeast/images/2024-02-12_01-34-41_UTC_2.jpg,mrbeast
Person,0.616901695728302,mrbeast/images/2024-02-12_01-34-41_UTC_2.jpg,mrbeast
Clothing,0.5881944894790649,mrbeast/images/2024-02-12_01-34-41_UTC_2.jpg,mrbeast
Clothing,0.7653916478157043,mrbeast/images/2023-12-23_17-00-14_UTC_3.jpg,mrbeast
Person,0.7438645362854004,mrbeast/images/2023-12-23_17-00-14_UTC_3.jpg,mrbeast
Clothing,0.7338740825653076,mrbeast/images/2023-12-23_17-00-14_UTC_3.jpg,mrbeast
Person,0.7244306206703186,mrbeast/images/2023-12-23_17-00-14_UTC_3.jpg,mrbeast
Pants,0.5998964905738831,mrbeast/images/2023-12-23_17-00-14_UTC_3.jpg,mrbeast
Top,0.5864648222923279,mrbeast/images/2023-12-23_17-00-14_UTC_3.jpg,mrbeast
Person,0.5855469107627869,mrbeast/images/2023-12-23_17-00-14_UTC_3.jpg,mrbeast
Person,0.5798173546791077,mrbeast/images/2023-12-23_17-00-14_UTC_3.jpg,mrbeast
Clothing,0.5679274201393127,mrbeast/images/2023-12-23_17-00-14_UTC_3.jpg,mrbeast
Top,0.5571585297584534,mrbeast/images/2023-12-23_17-00-14_UTC_3.jpg,mrbeast
Clothing,0.7648352384567261,mrbeast/images/2024-02-10_21-25-01_UTC_1.jpg,mrbeast
Top,0.7417951822280884,mrbeast/images/2024-02-10_21-25-01_UTC_1.jpg,mrbeast
Clothing,0.7311515808105469,mrbeast/images/2024-02-10_21-25-01_UTC_1.jpg,mrbeast
Clothing,0.7305473685264587,mrbeast/images/2024-02-10_21-25-01_UTC_1.jpg,mrbeast
Top,0.7277683019638062,mrbeast/images/2024-02-10_21-25-01_UTC_1.jpg,mrbeast
Clothing,0.7274016737937927,mrbeast/images/2024-02-10_21-25-01_UTC_1.jpg,mrbeast
Person,0.7132166028022766,mrbeast/images/2024-02-10_21-25-01_UTC_1.jpg,mrbeast
Pants,0.7102608680725098,mrbeast/images/2024-02-10_21-25-01_UTC_1.jpg,mrbeast
Person,0.7020671963691711,mrbeast/images/2024-02-10_21-25-01_UTC_1.jpg,mrbeast
Person,0.6999694108963013,mrbeast/images/2024-02-10_21-25-01_UTC_1.jpg,mrbeast
Person,0.7086346745491028,mrbeast/images/2023-11-05_18-06-06_UTC.jpg,mrbeast
Hat,0.6300825476646423,mrbeast/images/2023-11-05_18-06-06_UTC.jpg,mrbeast
Hat,0.6122148633003235,mrbeast/images/2023-11-05_18-06-06_UTC.jpg,mrbeast
Shorts,0.8833922743797302,mrbeast/images/2023-12-23_17-00-14_UTC_2.jpg,mrbeast
Person,0.7911283373832703,mrbeast/images/2023-12-23_17-00-14_UTC_2.jpg,mrbeast
Person,0.7430019974708557,mrbeast/images/2023-12-23_17-00-14_UTC_2.jpg,mrbeast
Clothing,0.7095798850059509,mrbeast/images/2023-12-23_17-00-14_UTC_2.jpg,mrbeast
Jeans,0.6662532091140747,mrbeast/images/2023-12-23_17-00-14_UTC_2.jpg,mrbeast
Pants,0.6356608271598816,mrbeast/images/2023-12-23_17-00-14_UTC_2.jpg,mrbeast
Top,0.6242488622665405,mrbeast/images/2023-12-23_17-00-14_UTC_2.jpg,mrbeast
Person,0.6167172789573669,mrbeast/images/2023-12-23_17-00-14_UTC_2.jpg,mrbeast
Top,0.6067149639129639,mrbeast/images/2023-12-23_17-00-14_UTC_2.jpg,mrbeast
Clothing,0.5830614566802979,mrbeast/images/2023-12-23_17-00-14_UTC_2.jpg,mrbeast
Jeans,0.7531232237815857,mrbeast/images/2024-02-12_01-34-41_UTC_3.jpg,mrbeast
Person,0.7000786066055298,mrbeast/images/2024-02-12_01-34-41_UTC_3.jpg,mrbeast
Clothing,0.67039954662323,mrbeast/images/2024-02-12_01-34-41_UTC_3.jpg,mrbeast
Person,0.6622856855392456,mrbeast/images/2024-02-12_01-34-41_UTC_3.jpg,mrbeast
Person,0.63666170835495,mrbeast/images/2024-02-12_01-34-41_UTC_3.jpg,mrbeast
Clothing,0.615211009979248,mrbeast/images/2024-02-12_01-34-41_UTC_3.jpg,mrbeast
Pants,0.5596893429756165,mrbeast/images/2024-02-12_01-34-41_UTC_3.jpg,mrbeast
Outerwear,0.5451973676681519,mrbeast/images/2024-02-12_01-34-41_UTC_3.jpg,mrbeast
Outerwear,0.5191525220870972,mrbeast/images/2024-02-12_01-34-41_UTC_3.jpg,mrbeast
Clothing,0.5108975172042847,mrbeast/images/2024-02-12_01-34-41_UTC_3.jpg,mrbeast
Person,0.6196921467781067,mrbeast/images/2024-02-17_19-00-34_UTC.jpg,mrbeast
Bagged packaged goods,0.6012721061706543,mrbeast/images/2024-02-17_19-00-34_UTC.jpg,mrbeast
Person,0.8186513781547546,mrbeast/images/2024-03-02_17-00-36_UTC_1.jpg,mrbeast
Person,0.8003053069114685,mrbeast/images/2024-03-02_17-00-36_UTC_1.jpg,mrbeast
Top,0.7308511137962341,mrbeast/images/2024-03-02_17-00-36_UTC_1.jpg,mrbeast
Jeans,0.7286827564239502,mrbeast/images/2024-03-02_17-00-36_UTC_1.jpg,mrbeast
Clothing,0.7155353426933289,mrbeast/images/2024-03-02_17-00-36_UTC_1.jpg,mrbeast
Clothing,0.6427678465843201,mrbeast/images/2024-03-02_17-00-36_UTC_1.jpg,mrbeast
Pants,0.6295539736747742,mrbeast/images/2024-03-02_17-00-36_UTC_1.jpg,mrbeast
Pants,0.6193643808364868,mrbeast/images/2024-03-02_17-00-36_UTC_1.jpg,mrbeast
Person,0.5975768566131592,mrbeast/images/2024-03-02_17-00-36_UTC_1.jpg,mrbeast
Top,0.555711030960083,mrbeast/images/2024-03-02_17-00-36_UTC_1.jpg,mrbeast
Person,0.8326754570007324,mrbeast/images/2023-10-28_16-00-07_UTC_5.jpg,mrbeast
Top,0.819326639175415,mrbeast/images/2023-10-28_16-00-07_UTC_5.jpg,mrbeast
Pants,0.625359296798706,mrbeast/images/2023-10-28_16-00-07_UTC_5.jpg,mrbeast
Top,0.571641206741333,mrbeast/images/2023-10-28_16-00-07_UTC_5.jpg,mrbeast
Person,0.5512730479240417,mrbeast/images/2023-10-28_16-00-07_UTC_5.jpg,mrbeast
Clothing,0.7548251748085022,mrbeast/images/2023-10-28_16-00-07_UTC_4.jpg,mrbeast
Person,0.7377519011497498,mrbeast/images/2023-10-28_16-00-07_UTC_4.jpg,mrbeast
Person,0.7251256108283997,mrbeast/images/2023-10-28_16-00-07_UTC_4.jpg,mrbeast
Person,0.7240567803382874,mrbeast/images/2023-10-28_16-00-07_UTC_4.jpg,mrbeast
Clothing,0.7036287188529968,mrbeast/images/2023-10-28_16-00-07_UTC_4.jpg,mrbeast
Top,0.6975244879722595,mrbeast/images/2023-10-28_16-00-07_UTC_4.jpg,mrbeast
Person,0.6122051477432251,mrbeast/images/2023-10-28_16-00-07_UTC_4.jpg,mrbeast
Pants,0.5802873373031616,mrbeast/images/2023-10-28_16-00-07_UTC_4.jpg,mrbeast
Clothing,0.5750072002410889,mrbeast/images/2023-10-28_16-00-07_UTC_4.jpg,mrbeast
Clothing,0.8191640377044678,mrbeast/images/2023-12-02_00-29-55_UTC.jpg,mrbeast
Person,0.7959400415420532,mrbeast/images/2023-12-02_00-29-55_UTC.jpg,mrbeast
Top,0.7601115703582764,mrbeast/images/2023-12-02_00-29-55_UTC.jpg,mrbeast
Clothing,0.7222243547439575,mrbeast/images/2023-12-02_00-29-55_UTC.jpg,mrbeast
Person,0.6811240911483765,mrbeast/images/2023-12-02_00-29-55_UTC.jpg,mrbeast
Top,0.673977792263031,mrbeast/images/2023-12-02_00-29-55_UTC.jpg,mrbeast
Shorts,0.6405026316642761,mrbeast/images/2023-12-02_00-29-55_UTC.jpg,mrbeast
Top,0.6385942101478577,mrbeast/images/2023-12-02_00-29-55_UTC.jpg,mrbeast
Cart,0.6304824948310852,mrbeast/images/2023-12-02_00-29-55_UTC.jpg,mrbeast
Person,0.591025710105896,mrbeast/images/2023-12-02_00-29-55_UTC.jpg,mrbeast
Top,0.7454506754875183,mrbeast/images/2023-12-05_18-00-00_UTC.jpg,mrbeast
Top,0.7376947402954102,mrbeast/images/2023-12-05_18-00-00_UTC.jpg,mrbeast
Clothing,0.7176663279533386,mrbeast/images/2023-12-05_18-00-00_UTC.jpg,mrbeast
Person,0.6906388998031616,mrbeast/images/2023-12-05_18-00-00_UTC.jpg,mrbeast
Person,0.6794783473014832,mrbeast/images/2023-12-05_18-00-00_UTC.jpg,mrbeast
Clothing,0.6689695119857788,mrbeast/images/2023-12-05_18-00-00_UTC.jpg,mrbeast
Top,0.6663500666618347,mrbeast/images/2023-12-05_18-00-00_UTC.jpg,mrbeast
Person,0.6619358658790588,mrbeast/images/2023-12-05_18-00-00_UTC.jpg,mrbeast
Glasses,0.6263078451156616,mrbeast/images/2023-12-05_18-00-00_UTC.jpg,mrbeast
Top,0.6205001473426819,mrbeast/images/2023-12-05_18-00-00_UTC.jpg,mrbeast
Car,0.7830691933631897,mrbeast/images/2024-03-16_16-00-12_UTC_4.jpg,mrbeast
Person,0.6871973872184753,mrbeast/images/2024-03-16_16-00-12_UTC_4.jpg,mrbeast
Person,0.5894535779953003,mrbeast/images/2024-03-16_16-00-12_UTC_4.jpg,mrbeast
Outerwear,0.5797398686408997,mrbeast/images/2024-03-16_16-00-12_UTC_4.jpg,mrbeast
Clothing,0.574620246887207,mrbeast/images/2024-03-16_16-00-12_UTC_4.jpg,mrbeast
Pants,0.5494765043258667,mrbeast/images/2024-03-16_16-00-12_UTC_4.jpg,mrbeast
Clothing,0.7541261911392212,mrbeast/images/2024-03-02_17-00-36_UTC_2.jpg,mrbeast
Person,0.7440847158432007,mrbeast/images/2024-03-02_17-00-36_UTC_2.jpg,mrbeast
Clothing,0.7367693781852722,mrbeast/images/2024-03-02_17-00-36_UTC_2.jpg,mrbeast
Person,0.6989006400108337,mrbeast/images/2024-03-02_17-00-36_UTC_2.jpg,mrbeast
Person,0.665635883808136,mrbeast/images/2024-03-02_17-00-36_UTC_2.jpg,mrbeast
Clothing,0.6529097557067871,mrbeast/images/2024-03-02_17-00-36_UTC_2.jpg,mrbeast
Clothing,0.5556007623672485,mrbeast/images/2024-03-02_17-00-36_UTC_2.jpg,mrbeast
Person,0.5348852872848511,mrbeast/images/2024-03-02_17-00-36_UTC_2.jpg,mrbeast
Person,0.8204368948936462,mrbeast/images/2024-03-02_17-00-36_UTC_3.jpg,mrbeast
Person,0.7655004858970642,mrbeast/images/2024-03-02_17-00-36_UTC_3.jpg,mrbeast
Clothing,0.710879385471344,mrbeast/images/2024-03-02_17-00-36_UTC_3.jpg,mrbeast
Hat,0.7030910849571228,mrbeast/images/2024-03-02_17-00-36_UTC_3.jpg,mrbeast
Person,0.655844509601593,mrbeast/images/2024-03-02_17-00-36_UTC_3.jpg,mrbeast
Clothing,0.6556652784347534,mrbeast/images/2024-03-02_17-00-36_UTC_3.jpg,mrbeast
Hat,0.6358771920204163,mrbeast/images/2024-03-02_17-00-36_UTC_3.jpg,mrbeast
Person,0.617012619972229,mrbeast/images/2024-03-02_17-00-36_UTC_3.jpg,mrbeast
Clothing,0.6151424646377563,mrbeast/images/2024-03-02_17-00-36_UTC_3.jpg,mrbeast
Top,0.6074924468994141,mrbeast/images/2024-03-02_17-00-36_UTC_3.jpg,mrbeast
Person,0.5159675478935242,mrbeast/images/2024-03-16_16-00-12_UTC_5.jpg,mrbeast
Clothing,0.5115624666213989,mrbeast/images/2024-03-16_16-00-12_UTC_5.jpg,mrbeast
Dog,0.7834994196891785,mrbeast/images/2023-12-27_17-04-51_UTC.jpg,mrbeast
Clothing,0.7080471515655518,mrbeast/images/2023-12-27_17-04-51_UTC.jpg,mrbeast
Top,0.5906412601470947,mrbeast/images/2023-12-27_17-04-51_UTC.jpg,mrbeast
Person,0.5217269062995911,mrbeast/images/2023-12-27_17-04-51_UTC.jpg,mrbeast
Person,0.8567752242088318,mrbeast/images/2023-10-17_17-47-48_UTC.jpg,mrbeast
Shorts,0.8271584510803223,mrbeast/images/2023-10-17_17-47-48_UTC.jpg,mrbeast
Clothing,0.7878826260566711,mrbeast/images/2023-10-17_17-47-48_UTC.jpg,mrbeast
Top,0.7822878360748291,mrbeast/images/2023-10-17_17-47-48_UTC.jpg,mrbeast
Top,0.7597443461418152,mrbeast/images/2023-10-17_17-47-48_UTC.jpg,mrbeast
Clothing,0.7438998818397522,mrbeast/images/2023-10-17_17-47-48_UTC.jpg,mrbeast
Pants,0.7423598766326904,mrbeast/images/2023-10-17_17-47-48_UTC.jpg,mrbeast
Person,0.6941274404525757,mrbeast/images/2023-10-17_17-47-48_UTC.jpg,mrbeast
Person,0.6721723675727844,mrbeast/images/2023-10-17_17-47-48_UTC.jpg,mrbeast
Person,0.6089281439781189,mrbeast/images/2023-10-17_17-47-48_UTC.jpg,mrbeast
Outerwear,0.6703548431396484,mrbeast/images/2024-03-16_16-00-12_UTC_1.jpg,mrbeast
Person,0.6637763381004333,mrbeast/images/2024-03-16_16-00-12_UTC_1.jpg,mrbeast
Hat,0.6591809988021851,mrbeast/images/2024-03-16_16-00-12_UTC_1.jpg,mrbeast
Sun hat,0.6392344832420349,mrbeast/images/2024-03-16_16-00-12_UTC_1.jpg,mrbeast
Clothing,0.6234824657440186,mrbeast/images/2024-03-16_16-00-12_UTC_1.jpg,mrbeast
Person,0.6204860806465149,mrbeast/images/2024-03-16_16-00-12_UTC_1.jpg,mrbeast
Pants,0.602387547492981,mrbeast/images/2024-03-16_16-00-12_UTC_1.jpg,mrbeast
Clothing,0.6051884889602661,mrbeast/images/2024-04-20_16-00-46_UTC_2.jpg,mrbeast
Person,0.5892860293388367,mrbeast/images/2024-04-20_16-00-46_UTC_2.jpg,mrbeast
Person,0.5601266622543335,mrbeast/images/2024-04-20_16-00-46_UTC_2.jpg,mrbeast
Clothing,0.5377216339111328,mrbeast/images/2024-04-20_16-00-46_UTC_2.jpg,mrbeast
Top,0.5366580486297607,mrbeast/images/2024-04-20_16-00-46_UTC_2.jpg,mrbeast
Pants,0.5294965505599976,mrbeast/images/2024-04-20_16-00-46_UTC_2.jpg,mrbeast
Person,0.7180978059768677,mrbeast/images/2023-10-19_14-02-31_UTC_1.jpg,mrbeast
Person,0.648369550704956,mrbeast/images/2023-10-19_14-02-31_UTC_1.jpg,mrbeast
Jacket,0.5899100303649902,mrbeast/images/2023-10-19_14-02-31_UTC_1.jpg,mrbeast
Clothing,0.5859587788581848,mrbeast/images/2023-10-19_14-02-31_UTC_1.jpg,mrbeast
Outerwear,0.5856888890266418,mrbeast/images/2023-10-19_14-02-31_UTC_1.jpg,mrbeast
Outerwear,0.576974630355835,mrbeast/images/2023-10-19_14-02-31_UTC_1.jpg,mrbeast
Person,0.7633213996887207,mrbeast/images/2023-10-28_16-00-07_UTC_2.jpg,mrbeast
Person,0.7540826201438904,mrbeast/images/2023-10-28_16-00-07_UTC_2.jpg,mrbeast
Clothing,0.7109578251838684,mrbeast/images/2023-10-28_16-00-07_UTC_2.jpg,mrbeast
Person,0.7019574046134949,mrbeast/images/2023-10-28_16-00-07_UTC_2.jpg,mrbeast
Top,0.7012070417404175,mrbeast/images/2023-10-28_16-00-07_UTC_2.jpg,mrbeast
Clothing,0.6730170249938965,mrbeast/images/2023-10-28_16-00-07_UTC_2.jpg,mrbeast
Clothing,0.6718822121620178,mrbeast/images/2023-10-28_16-00-07_UTC_2.jpg,mrbeast
Person,0.662787675857544,mrbeast/images/2023-10-28_16-00-07_UTC_2.jpg,mrbeast
Clothing,0.6509180068969727,mrbeast/images/2023-10-28_16-00-07_UTC_2.jpg,mrbeast
Person,0.6289287209510803,mrbeast/images/2023-10-28_16-00-07_UTC_2.jpg,mrbeast
Person,0.8323094844818115,mrbeast/images/2023-12-30_17-00-45_UTC_1.jpg,mrbeast
Person,0.6363531351089478,mrbeast/images/2023-12-30_17-00-45_UTC_1.jpg,mrbeast
Person,0.8284567594528198,mrbeast/images/2024-04-20_16-00-46_UTC_3.jpg,mrbeast
Person,0.8200921416282654,mrbeast/images/2024-04-20_16-00-46_UTC_3.jpg,mrbeast
Clothing,0.7706239223480225,mrbeast/images/2024-04-20_16-00-46_UTC_3.jpg,mrbeast
Clothing,0.7278345823287964,mrbeast/images/2024-04-20_16-00-46_UTC_3.jpg,mrbeast
Clothing,0.7217843532562256,mrbeast/images/2024-04-20_16-00-46_UTC_3.jpg,mrbeast
Clothing,0.7106693387031555,mrbeast/images/2024-04-20_16-00-46_UTC_3.jpg,mrbeast
Clothing,0.7089935541152954,mrbeast/images/2024-04-20_16-00-46_UTC_3.jpg,mrbeast
Pants,0.7087202668190002,mrbeast/images/2024-04-20_16-00-46_UTC_3.jpg,mrbeast
Top,0.6573945879936218,mrbeast/images/2024-04-20_16-00-46_UTC_3.jpg,mrbeast
Person,0.6399458646774292,mrbeast/images/2024-04-20_16-00-46_UTC_3.jpg,mrbeast
Pants,0.8152751922607422,mrbeast/images/2024-04-20_16-00-46_UTC_1.jpg,mrbeast
Person,0.7920296788215637,mrbeast/images/2024-04-20_16-00-46_UTC_1.jpg,mrbeast
Pants,0.7551082372665405,mrbeast/images/2024-04-20_16-00-46_UTC_1.jpg,mrbeast
Person,0.7320435047149658,mrbeast/images/2024-04-20_16-00-46_UTC_1.jpg,mrbeast
Person,0.7248408198356628,mrbeast/images/2024-04-20_16-00-46_UTC_1.jpg,mrbeast
Outerwear,0.7194283604621887,mrbeast/images/2024-04-20_16-00-46_UTC_1.jpg,mrbeast
Outerwear,0.7167435884475708,mrbeast/images/2024-04-20_16-00-46_UTC_1.jpg,mrbeast
Shoe,0.6812774538993835,mrbeast/images/2024-04-20_16-00-46_UTC_1.jpg,mrbeast
Person,0.6420402526855469,mrbeast/images/2024-04-20_16-00-46_UTC_1.jpg,mrbeast
Coat,0.6380453705787659,mrbeast/images/2024-04-20_16-00-46_UTC_1.jpg,mrbeast
Person,0.8509842157363892,mrbeast/images/2024-03-16_16-00-12_UTC_2.jpg,mrbeast
Person,0.8156779408454895,mrbeast/images/2024-03-16_16-00-12_UTC_2.jpg,mrbeast
Pants,0.7166476845741272,mrbeast/images/2024-03-16_16-00-12_UTC_2.jpg,mrbeast
Pants,0.6800214648246765,mrbeast/images/2024-03-16_16-00-12_UTC_2.jpg,mrbeast
Outerwear,0.6704576015472412,mrbeast/images/2024-03-16_16-00-12_UTC_2.jpg,mrbeast
Person,0.6699576377868652,mrbeast/images/2024-03-16_16-00-12_UTC_2.jpg,mrbeast
Jacket,0.663485586643219,mrbeast/images/2024-03-16_16-00-12_UTC_2.jpg,mrbeast
Person,0.6429753303527832,mrbeast/images/2024-03-16_16-00-12_UTC_2.jpg,mrbeast
Outerwear,0.6193661689758301,mrbeast/images/2024-03-16_16-00-12_UTC_2.jpg,mrbeast
Jacket,0.612019419670105,mrbeast/images/2024-03-16_16-00-12_UTC_2.jpg,mrbeast
Mobile phone,0.7607141137123108,mrbeast/images/2023-10-19_14-02-31_UTC_2.jpg,mrbeast
Person,0.7148410677909851,mrbeast/images/2024-02-09_17-14-45_UTC.jpg,mrbeast
Person,0.6459808349609375,mrbeast/images/2024-03-02_17-00-36_UTC_4.jpg,mrbeast
Person,0.6366150975227356,mrbeast/images/2024-03-02_17-00-36_UTC_4.jpg,mrbeast
Person,0.6019585728645325,mrbeast/images/2024-03-02_17-00-36_UTC_4.jpg,mrbeast
Person,0.548037052154541,mrbeast/images/2024-03-02_17-00-36_UTC_4.jpg,mrbeast
Person,0.8593351244926453,mrbeast/images/2023-10-28_16-00-07_UTC_1.jpg,mrbeast
Top,0.8118863105773926,mrbeast/images/2023-10-28_16-00-07_UTC_1.jpg,mrbeast
Person,0.8434961438179016,mrbeast/images/2024-03-16_16-00-12_UTC_3.jpg,mrbeast
Person,0.8014341592788696,mrbeast/images/2024-03-16_16-00-12_UTC_3.jpg,mrbeast
Jacket,0.7185730934143066,mrbeast/images/2024-03-16_16-00-12_UTC_3.jpg,mrbeast
Outerwear,0.7181223034858704,mrbeast/images/2024-03-16_16-00-12_UTC_3.jpg,mrbeast
Jeans,0.6775462031364441,mrbeast/images/2024-03-16_16-00-12_UTC_3.jpg,mrbeast
Person,0.6714423298835754,mrbeast/images/2024-03-16_16-00-12_UTC_3.jpg,mrbeast
Person,0.6557178497314453,mrbeast/images/2024-03-16_16-00-12_UTC_3.jpg,mrbeast
Pants,0.6421738862991333,mrbeast/images/2024-03-16_16-00-12_UTC_3.jpg,mrbeast
Jacket,0.638931155204773,mrbeast/images/2024-03-16_16-00-12_UTC_3.jpg,mrbeast
Footwear,0.6133068203926086,mrbeast/images/2024-03-16_16-00-12_UTC_3.jpg,mrbeast
